code;name;sell_price;buy_price
TS-00005;"TUERCA STORZ 1""  h.p.p. B.S.P Con hilo hi-he 1""";8045;0
TS-00006;"TUERCA STORZ 1.1/2""  h.p.p. B.S.P Con hilo hi-he 1,1/2""";10397;0
TS-00007;"TUERCA STORZ 2""   h.p.p. B.S.P    Con hilo hi-he 2""";10463;0
TS-00008;"TUERCA STORZ 2.1/2""  h.p.p. B.S.P Con hilo hi-he 2,1/2""";20056;0
TS-00009;"TUERCA STORZ 3"" h.p.p. B.S.P Con hilo hi-he 2,1/2""";21756;0
TS-00010;"TUERCA STORZ 4"" h.p.p. B.S.P Con hilo hi-he 2,1/2""";55307;0
US-00006;"UNION STORZ 1"" C/L-C/C CON COLA 1""";8887;0
US-00007;"UNION STORZ 1.1/2""  C/L-C/C CON COLA 1.1/2""";11144;0
US-00008;"UNION STORZ 2"" C/L-C/C CON COLA 2""";11144;0
US-00009;"UNION STORZ  2.1/2""  C/L-C/C CON COLA 2""";18048;0
US-00010;"UNION STORZ  3"" C/L-C/C CON COLA 2""";21550;0
US-00011;"UNION STORZ  4""  C/L-C/C CON COLA 2""";36305;0
BI-FU007;"BIFURCACION CON DOS ENTRADAS Y UNA SALIDA DE 4"" HE ";138592;0
BI-FU008;"BIFURCACION CON DOS ENTRADAS Y UNA SALIDA DE 4"" HE  CON TAPA STORZ";174191;0
BI-FU009;"BIFURCACION UL/FM BRONCE IMPORTADA DE USA 4"" NPT";255600;0
BI-FU010;"BIFURCACION UL/FM BRONCE IMPORTADA DE USA 6"" NPT";695800;0
VS-00008;"VALVULA SOLA SIN STORZ 1.1/2""";21324;0
VS-00009;"VALVULA CON STORZ 1.1/2""";29536;0
VS-00010;"VALVULA CON TAPA Y STORZ 1. 1/2""";34080;0
VS-00011;"VALVULA CON SOTRZ 1""";59542;0
VS-00012;"VALVULA CON TAPA Y STORZ 1""";66495;0
VS-00013;"VALVULA CON SOTRZ 2""";31808;0
VS-00014;"VALVULA CON TAPA Y STORZ 2""";37488;0
VA-00014;"VALVULA 2.1/2""CON  STORZ";40896;0
VA-00015;"VALVULA 2. 1/2"" CON TAPA Y STORZ";47712;0
VA-00016;"VALVULA 3"" CON STORZ";47712;0
VA-00017;"VALVULA 3"" CON TAPA Y STORZ";55664;0
VG-00010;"VALVULA ANGULO CERTIFICACION UL SIN STORZ 1.1/2""";62480;0
VG-00011;"VALVULA ANGULO CERTIFICACION UL CON STORZ 1.1/2""";78384;0
VG-00012;"VALVULA ANGULO CERTIFICACION UL CON STORZ Y TAPA1.1/2""";86336;0
VG-00013;"VALVULA ANGULO CERTIFICACION UL SIN STORZ 2.1/2""";73840;0
VG-00014;"VALVULA ANGULO CERTIFICACION UL CON STORZ 2.1/2""";101104;0
VG-00015;"VALVULA ANGULO CERTIFICACION UL CON STORZ Y TAPA 2.1/2""";107920;0
CA-R6001;CARRETE STANDARD AR-600 CON 25 MT DE MANGUERA SEMI RIGIDA Y PITON CHORRO-NEBLINA;102240;0
CA-R6002;CARRETE STANDARD AR-600 CON 30 MT DE MANGUERA SEMI RIGIDA Y PITON CHORRO-NEBLINA;107920;0
CA-R6003;CARRETE STANDARD AR-600 CON 35 MT DE MANGUERA SEMI RIGIDA Y PITON CHORRO-NEBLINA;124960;0
CA-R6004;CARRETE STANDARD AR-600 CON 40 MT DE MANGUERA SEMI RIGIDA Y PITON CHORRO-NEBLINA;139160;0
CA-R6005;CARRETE STANDARD AR-600 CON 45 MT DE MANGUERA SEMI RIGIDA Y PITON CHORRO-NEBLINA;153360;0
CA-R6006;CARRETE STANDARD AR-600 CON 50 MT DE MANGUERA SEMI RIGIDA Y PITON CHORRO-NEBLINA;191700;0
GB-AR601;GABINETE STANDARD AR-600 CON 25 MT DE MANGUERA SEMI RIGIDA Y PITON CHORRO-NEBLINA;156200;0
GB-AR602;GABINETE STANDARD AR-600 CON 30 MT DE MANGUERA SEMI RIGIDA Y PITON CHORRO-NEBLINA;156200;0
GB-AR603;GABINETE STANDARD AR-600 CON 35 MT DE MANGUERA SEMI RIGIDA Y PITON CHORRO-NEBLINA;173240;0
GB-AR604;GABINETE STANDARD AR-600 CON 40 MT DE MANGUERA SEMI RIGIDA Y PITON CHORRO-NEBLINA;188576;0
GB-AR605;GABINETE STANDARD AR-600 CON 45 MT DE MANGUERA SEMI RIGIDA Y PITON CHORRO-NEBLINA;173240;0
GB-AR606;GABINETE STANDARD AR-600 CON 50 MT DE MANGUERA SEMI RIGIDA Y PITON CHORRO-NEBLINA;188576;0
GB-ST-607;GABINETE STANDARD AR-600. PUERTA VIDRIADA FABRI. EN LAMINA DE ACERO EN 1MM Y PINTURA EPOXICA 90 MIC.;73840;0
GB-ST-608;GABINETE STANDARD AR-600. PURTA DE MALLA  FAB.  EN LAMINA DE ACERO Y PINTURA EPOX.;85200;0
GB-ST-610;CARRETE STANDARD AR-600 CON 15 MT DE MANGUERA SEMI RIGIDA Y PITON CHORRO-NEBLINA MODELO BARBARA;96560;0
GB-ST-611;CARRETE STANDARD AR-600 CON 20 MT DE MANGUERA SEMI RIGIDA Y PITON CHORRO-NEBLINA MODELO BARBARA;102240;0
GB-ST-612;CARRETE STANDARD AR-600 CON 25 MT DE MANGUERA SEMI RIGIDA Y PITON CHORRO-NEBLINA MODELO BARBARA;102240;0
GB-ST-613;CARRETE STANDARD AR-600 CON 30 MT DE MANGUERA SEMI RIGIDA Y PITON CHORRO-NEBLINA MODELO BARBARA;107920;0
GB-ST-614;Carretes OSSFIRE modelo TonchE 1.1/2 fabricaciOn Francesa.;559139;0
GB-ST-615;GABINETE PARA CARRETE OSSFIRE MODELO TONCHE;147680;0
GB-ST-616;CARRETE OSSFIRE MODELO MODELO TONCHE FAB. FRANCESA;335120;0
GB-ST-617;GABINETE PARA CARRETE OSSFIRE MODELO TONCHE;147680;0
GB-ST-618;"RACK IMPORTADOI DE 11/2""";261280;0
GB-ST-619;GABINETE PARA RACK IMPORTADO;51120;0
PI-00009;PITON DE BRONCE;46576;0
PI-00010;MANGUERA CON CONEXIONES EN BRONCE;184600;0
PI-00011;VALVULA DE GLOBO 1,1/2 UL;63900;0
PG-00012;"PEDESTAL PARA GABINETE DE 1""";49700;0
PG-00013;"PEDESTAL PARA GABINETE DE 1.1/2""";63900;0
PG-00014;"PEDESTAL PARA CARRETE DE 1""";49700;0
PG-00015;"PEDESTAL PARA CARRETE DE 1.1/2""";63900;0
PG-00016;MANGUERIN DE ALIMENTACION;12382;0
PG-00017;TERMINAL HE DE ALUMINIO;2556;0
PG-00018;"COPLA DE 1""";1136;0
PG-00019;"ABRAZADERA DE 1""";2045;0
PG-00020;"PITON OSSFIRE DE 1""";15336;0
PG-00021;"PITON TONCHE DE 1.1/2""";44304;0
PG-00022;"VALVULA CARRETE TONCHE DE 1.1/2""";71568;0
MB-00023;"MANGUERA CONTA INCENDIO DE 1.1/2"" COLOR BLANCO Y UNIONES STORZ";53979;0
MB-00024;"MANGUERA CONTA INCENDIO DE 2"" COLOR BLANCO Y UNIONES STORZ";67629;0
MB-00025;"MANGUERA VEJAR COVER-RED DE 1.1/2"" X 25 MT";85654;0
MB-00026;"MANGUERA VEJAR COVER-RED DE 1.1/2"" X 30 MT";102785;0
MB-00027;"MANGUERA VEJAR COVER-RED DE 2"" X 25 MT";101547;0
MB-00028;"MANGUERA VEJAR COVER-RED DE 2"" X 30 MT";122688;0
MB-00029;"MANGUERA VEJAR COVER-RED DE 2.1/2"" X 25 MT";148248;0
MB-00030;"MANGUERA VEJAR COVER-RED DE 2.1/2"" X 30 MT";177898;0
MB-00031;"MANGUERA VEJAR COVER-RED DE 3"" X 25 MT";179488;0
MB-00032;"MANGUERA VEJAR COVER-RED DE 3"" X 30 MT";215386;0
MB-00033;"MANGUERA COVER-YELLOW 1.1/2""";85654;0
MB-00034;"MANGUERA COVER-YELLOW 2""";101547;0
MB-00035;"MANGUERA COVER-YELLOW 2.1/2""";148248;0
MB-00036;"MANGUERA COVER-YELLOW 3""";179488;0
EQ-00037;EXTINTORES POLVO QUIMICO SECO DE 1Kg TIPO A.B.C. 90% 1A : 2 BC;8066;0
EQ-00038;EXTINTORES POLVO QUIMICO SECO DE 2 Kg 90% A.B.C 2A : 2 BC;13064;0
EQ-00039;EXTINTORES POLVO QUIMICO SECO DE 4 Kg 90% A.B.C 4A : 10 BC;20221;0
EQ-00040;EXTINTORES POLVO QUIMICO SECO DE 6 Kg 40% A.B.C 6A : 20 BC;20448;0
EQ-00041;EXTINTORES POLVO QUIMICO SECO DE 6 Kg 90% A.B.C 10A : 40 BC;23856;0
EQ-00042;EXTINTORES POLVO QUIMICO SECO DE 10 Kg 40% A.B.C 10A : 30 BC;27264;0
EQ-00043;EXTINTORES POLVO QUIMICO SECO DE 10 Kg 40% A.B.C 10A : 40 BC;33512;0
EQ-00044;EXTINTORES POLVO QUIMICO SECO DE 25 Kg 90% A.B.C ;215840;0
EQ-00045;EXTINTORES POLVO QUIMICO SECO DE 50 Kg 90% A.B.C 20A : 40 BC;295360;0
EQ-00046;EXTINTOR DE CO2 DE 2 Kg 2 BC;36352;0
EQ-00047;EXTINTOR DE CO2 DE 6 Kg 10:BC;55664;0
EQ-00048;EXTINTOR DE CO2 DE 10 Kg 10:BC;164720;0
EQ-00059;EXTINTOR PORTATIL HALOCLEAN AL 100% DE 1.5 Kg ABC;107920;0
EQ-00060;EXTINTOR PORTATIL HALOCLEAN AL 100% DE 2.5 Kg ABC;160176;0
EQ-00061;EXTINTOR PORTATIL HALOCLEAN AL 100% DE 5.5 Kg ABC;318080;0
EQ-00062;EXTINTOR PORTATIL HALOCLEAN AL 100% DE 8 Kg ABC;510064;0
GE-00010;GABINETE CON PUERTA VIDRIADA 4 Kg-6 Kg;24992;0
GE-00011;GABINETE CON PUERTA VIDRIADA 4 Kg-6 Kg CON CHAPA Y LLAVE;29536;0
GE-00012;GABINETE CON PUERTA VIDRIADA 10 Kg-CO2 DE 2 Kg Medidas 750 x 280 x 220;27264;0
GE-00013;GABINETE CON PUERTA VIDRIADA10 Kg-CO2 DE 2 Kg CON CHAPA Y LLAVE  Medidas 750 x 280 x 220;34080;0
GE-00014;GABINETE CON PUERTA VIDRIADA CO2 DE 6 Kg CON CHAPA Y LLAVE Medidas 1000 x 400 x 300;48280;0
GE-00015;GABINETE CON PUERTA VIDRIADA CO2 DE 6 Kg Medidas 1000 x 400 x 300;55664;0
GE-00020;GABINETE EXTINTOR CON DE MALLA 4 kg. y 06 kg. MEDIDAS  700 x 260 x 2000;28400;0
GE-00021;GABINETE EXTINTOR CON DE MALLA  PQS 10 kg. y CO2 02 kg MEDIDAS  750 x 280 x 220;29536;0
GE-00022;GABINETE EXTINTOR CON DE MALLA   CO2 6 kg MEDIDAS  1000 x 400 x 300;52256;0
GE-00030;GABINETE EXTINTOR GUILLOTINA 04 kg. y 06 kg. MEDIDAS 700 x 260 x 201;20448;0
GE-00031;GABINETE EXTINTOR GUILLOTINA de 10 kg. y CO2 02 kg. MEDIDAS 750 x 280 x 220;26128;0
GE-00032;GABINETE EXTINTOR GUILLOTINA CO2 6 kg. MEDIDAS 1000 x 400 x 300;40896;0
GE-00033;MARTILLO CON CADENA ;10792;0
GE-00040;GABINETE DE POLICARBONATO PARA 6 Kg MEDIDAS 670x300x230;39760;0
GE-00041;GABINETE DE POLICARBONATO PARA 10 Kg MEDIDAS 830x310x263;42600;0
ME-00009;VALVULA M-30. S/SIFON;4430;0
ME-00010;MANGUERA EXTINTOR DE 6 Kg;3277;0
ME-00011;MANGUERA EXTINTOR DE 10 Kg;3277;0
ME-00012;MANOMETRO BLINDADO;1900;0
ME-00013;SELLO DE EXTINTOR;114;0
ME-00014;SOPORTE DE EXTINTOR;1136;0
ME-00015;CINTILLO  EXTINTOR 4 Kg-6 Kg -10 Kg;1704;0
ME-00016;VALVULA C/SIFON M-22;4270;0
ME-00017;SIFON DE 4-6-10;1300;0
SE-00001;MANTENCION EXTINTOR PQS 1 Kg.;1560;0
SE-00002;MANTENCION EXTINTOR PQS 2 Kg.;4550;0
SE-00003;MANTENCION EXTINTOR PQS 4 Kg.;5850;0
SE-00004;MANTENCION EXTINTOR PQS 6 Kg.;7150;0
SE-00005;MANTENCION EXTINTOR PQS 10 Kg.;8000;0
SE-00006;MANTENCION EXTINTOR PQS 25 Kg.;45000;0
SE-00007;MANTENCION EXTINTOR PQS 50 Kg.;70000;0
SE-00008;MANTENCION EXTINTOR  CO2 2 Kg.;4369;0
SE-00009;MANTENCION EXTINTOR  CO2 5 Kg.;5300;0
SE-00010;MANTENCION EXTINTOR CO2 6 Kg.;5300;0
SE-00011;MANTENCION EXTINTOR  CO2 10 Kg.;10400;0
SE-00014;RECARGA EXTINTOR PQS ABC 2 Kg. al 90% ;6500;0
SE-00015;RECARGA EXTINTOR PQS ABC 4 Kg. al 90% ;13000;0
SE-00016;RECARGA EXTINTOR PQS ABC 6 Kg. al 90% ;19500;0
SE-00017;RECARGA EXTINTOR PQS ABC 10 Kg. al 90% ;32500;0
SE-00018;RECARGA EXTINTOR PQS ABC 25 Kg. al 90% ;81250;0
SE-00019;RECARGA EXTINTOR PQS ABC 50 Kg. al 90% ;162500;0
SE-00020;RECARGA EXTINTOR  CO2 2 Kg.;16900;0
SE-00021;RECARGA EXTINTOR CO2 5 Kg.;41600;0
SE-00022;RECARGA EXTINTOR CO2 6 Kg.;49920;0
SE-00023;RECARGA EXTINTOR CO2 10 Kg.;83200;0
SE-00025;RECARGA EXTINTOR ESPUMA MECANICA DE 6 KG  3%;7150;0
SE-00028;RECARGA EXTINTOR ESPUMA MECANICA DE 10 KG  3%;8980;0
SE-00029;RECARGA EXTINTOR ESPUMA MECANICA DE 10 KG  6%;9580;0
SE-00032;RECARGA EXTINTOR AGUA PRESURIZADA DE 10 KG ;9800;0
LT-00001;LETREROS ADHESIVOS EN PVC;2045;0
LT-00003;LETREROS FOTOLUMINISCENTES;8520;0
VP-RBM11;"VALVULA REDUCTORA DE PRESION 2""  (150 Lbs)) RBM ITALIA";55664;0
VP-RBM12;"VALVULA REDUCTORA DE PRESION 1""-3/4-1/2  ";43168;0
VP-RBM13;VALVULA BRONCE  REDUCTORA DE PRESION 1/2'' ;18390;0
VP-RBM14;VALVULA BRONCE REDUCTORA DE PRESION 3/4'';21940;0
VP-RBM16;VALVULA BRONCE REDUCTORA DE PRESION 1 1/4'';77958;0
VP-RBM17;VALVULA BRONCE REDUCTORA DE PRESION 1 1/2'';90738;0
VP-RBM18;"VALVULA BRONCE REDUCTORA DE PRESION 2""";122006;0
VP-RBM19;"VALVULA BRONCE REDUCTORA DE PRESION 2.1/2""";640732;0
VP-RBM20;"VALVULA BRONCE REDUCTORA DE PRESION 3""";805793;0
VP-RBM21;"VALVULA BRONCE REDUCTORA DE PRESION 4""";1267706;0
VP-00001;"VALVULA BRONCE DE BOLA PASO TOTAL 3/8""";2018;0
VP-00002;"VALVULA BRONCE DE BOLA PASO TOTAL 1/2""";2358;0
VP-00003;"VALVULA BRONCE DE BOLA PASO TOTAL 3/4""";3794;0
VP-00004;"VALVULA BRONCE DE BOLA PASO TOTAL 1""";4955;0
VP-00005;"VALVULA BRONCE DE BOLA PASO TOTAL 1.1/4""";7571;0
VP-00006;"VALVULA BRONCE DE BOLA PASO TOTAL 1.1/2""";11653;0
VP-00008;"VALVULA BRONCE DE BOLA PASO TOTAL 2.1/2""";38516;0
VP-00009;"VALVULA BRONCE DE BOLA PASO TOTAL 3""";45980;0
VP-00010;"VALVULA BRONCE DE BOLA PASO TOTAL 4""";74800;0
VC-00001;"VALVULA DE COMPUERTA PASO TOTAL DE  BRONCE 1/2""";5399;0
VC-00002;VALVULA DE COMPUERTA PASO TOTAL DE  BRONCE 3/4'';7503;0
VC-00003;VALVULA DE COMPUERTA PASO TOTAL DE  BRONCE 1'';10378;0
VC-00004;VALVULA DE COMPUERTA PASO TOTAL DE  BRONCE 11/4'';15007;0
VC-00005;VALVULA DE COMPUERTA PASO TOTAL DE  BRONCE 1 1/2'';19635;0
VC-00006;VALVULA DE COMPUERTA PASO TOTAL DE  BRONCE 2'';28610;0
VC-00007;VALVULA DE COMPUERTA PASO TOTAL DE  BRONCE 2 1/2'';45440;0
VC-00009;VALVULA DE COMPUERTA PASO TOTAL DE  BRONCE 4'';115003;0
VR-V0001;"VALVULA VERTICAL DE RETENCION 1/2""";3294;0
VR-V0002;"VALVULA VERTICAL DE RETENCION 3/4""";4533;0
VR-V0003;"VALVULA VERTICAL DE RETENCION 1""";6565;0
VR-V0004;"VALVULA VERTICAL DE RETENCION 1.1/4""";8977;0
VR-V0005;"VALVULA VERTICAL DE RETENCION 1.1/2""";13196;0
VR-V0006;"VALVULA VERTICAL DE RETENCION 2""";18622;0
VR-V0007;"VALVULA VERTICAL DE RETENCION 2.1/2""";38605;0
VR-V0008;"VALVULA VERTICAL DE RETENCION 3""";54414;0
VR-H0001;"VALVULA DE RETENCION HORIZONTAL 1/2""";4454;0
VR-H0002;"VALVULA DE RETENCION HORIZONTAL 3/4""";5404;0
VR-H0003;"VALVULA DE RETENCION HORIZONTAL 1""";9143;0
VR-H0004;"VALVULA DE RETENCION HORIZONTAL 1.1/4""";11755;0
VR-H0005;"VALVULA DE RETENCION HORIZONTAL 1.1/2""";15753;0
VR-H0006;"VALVULA DE RETENCION HORIZONTAL 2""";23758;0
VR-H0007;"VALVULA DE RETENCION HORIZONTAL 2.1/2""";39243;0
VR-H0008;"VALVULA DE RETENCION HORIZONTAL 3""";54804;0
VR-H0009;"VALVULA DE RETENCION HORIZONTAL 4""";90653;0
CR-F0011;"Copla Flexible 2.1/2""";2998;0
CR-F0012;"Copla Flexible 3""";4258;0
CR-F0013;"Copla Flexible 4""";5669;0
CR-F0014;"Copla Flexible 6""";9447;0
TM-00001;"Tee mecanica 6"" X 2""";20448;0
TM-00002;"Tee mecanica 4"" X 2""";9504;0
TM-00003;"Tee mecanica 2"" X 1""";2803;0
ST-00001;Strap;3499;0
ST-00002;Strap;3709;0
LS-00100;LLAVE UNIVERSAL;26359;0
LS-00101;LLVE GRIFO;33175;0
LS-00102;HACHA PULASKI;47712;0
PC-D0010;"PITON 1 1/2"" - CHORRO DIRECTO CON STORZ";38735;0
PC-D0011;"PITON 2"" - CHORRO DIRECTO CON STORZ";37557;0
PC-D0012;"PITON 2.1/2"" - CHORRO DIRECTO CON STORZ";52468;0
PC-D0013;"PITON 3"" - CHORRO DIRECTO CON STORZ";55963;0
PC-D0014;"PITON 1 1/2"" - 3 POSICIONES - (CON TUERCA)";62480;0
PC-D0015;"PITON 2"" - 3 POSICIONES - (CON TUERCA)";62480;0
PC-D0016;"PITON 2.1/2"" - 3 POSICIONES - (CON TUERCA)";106335;0
PC-D0017;"PITON 3"" - 3 POSICIONES - (CON TUERCA)";109234;0
PC-D0019;"PITON 1"" CON TERMINAL 1""";14768;0
PC-D0020;"PITON 1 1/2"" CON STORZ 1.1/2""";29763;0
PC-D0021;"PITON 2"" CON STORZ 2""";29763;0
PC-D0023;"PITON 3"" CON STORZ 3""";104690;0
PC-D0024;"PITON 1 1/2"" CON STORZ 1.1/2""";41464;0
PC-D0025;"PITON 2"" CON STORZ 2""";41464;0
US-C0100;"UNION STORZ 1"" COLA 1""";8887;0
US-C0101;"UNION STORZ 1"" COLA 3/4""";8854;0
US-C0102;"UNION STORZ 1"" COLA 1/2""";8854;0
US-C0103;"UNION STORZ 1"" COLA ESPINA DE PESCADO 1""";8899;0
US-C0104;"UNION STORZ 1.1/2"" COLA ESPINA DE PESCADO 1.1/2";11557;0
US-C0105;"UNION STORZ 1.1/2"" COLA ESPINA DE PESCADO 1""";11596;0
US-C0106;"UNION STORZ 1.1/2"" COLA ESPINA DE PESCADO 1.1/4""";11596;0
US-C0107;"UNION STORZ 1.1/2"" COLA ESPINA DE PESCADO 1.1/2""";11666;0
US-C0108;"UNION STORZ 2"" COLA ESPINA DE PESCADO 2""";11144;0
US-C0109;"UNION STORZ 2"" COLA ESPINA DE PESCADO 1""";12852;0
US-C0110;"UNION STORZ 2"" COLA ESPINA DE PESCADO 1.1/4""";12652;0
US-C0111;"UNION STORZ 2"" COLA ESPINA DE PESCADO 1.1/2""";12940;0
US-C0112;"UNION STORZ 2"" COLA ESPINA DE PESCADO 2.1/2""";15361;0
US-C0114;"UNION STORZ 2.1/2"" COLA ESPINA DE PESCADO 2.1/2""";18048;0
US-C0115;"UNION STORZ 1"" COLA ESPINA DE PESCADO 1.1/4""";16396;0
US-C0116;"UNION STORZ 2.1/2"" COLA ESPINA DE PESCADO 1.1/2""";16252;0
US-C0117;"UNION STORZ 2.1/2"" COLA ESPINA DE PESCADO 2""";18095;0
US-C0118;"UNION STORZ 2.1/2"" COLA ESPINA DE PESCADO 2.3/4""(70)";18043;0
US-C0119;"UNION STORZ 2.1/2"" COLA ESPINA DE PESCADO 3""";21080;0
US-C0120;"UNION STORZ 2.1/2"" COLA ESPINA DE PESCADO 2.1/2""";22253;0
US-C0121;"UNION STORZ 3"" COLA ESPINA DE PESCADO 3""";21550;0
US-C0122;"UNION STORZ 3"" COLA ESPINA DE PESCADO 1.1/4""";20843;0
US-C0123;"UNION STORZ 3"" COLA ESPINA DE PESCADO 1.1/2""";21071;0
US-C0124;"UNION STORZ 3"" COLA ESPINA DE PESCADO 2""";22391;0
US-C0125;"UNION STORZ 3"" COLA ESPINA DE PESCADO 2.1/2""";23137;0
US-C0126;"UNION STORZ 3"" COLA ESPINA DE PESCADO 2.3/4""";21535;0
US-C0127;"UNION STORZ 3"" COLA ESPINA DE PESCADO 1""";26538;0
US-C0128;"UNION STORZ 3"" COLA ESPINA DE PESCADO 3""";26538;0
US-C0129;"UNION STORZ 4"" COLA ESPINA DE PESCADO 4""";36305;0
US-C0130;"UNION STORZ 4"" COLA ESPINA DE PESCADO 2.1/2""";37149;0
US-C0131;"UNION STORZ 4"" COLA ESPINA DE PESCADO 3""";37373;0
US-C0132;"UNION STORZ 4"" COLA ESPINA DE PESCADO 4""";41310;0
TS-H0200;"TUERCA STORZ 1"" HI 1"" hpp = 11 B S P";8045;0
TS-H0201;"TUERCA STORZ 1 "" HI 1/2"" hpp = 11 B S P";7035;0
TS-H0202;"TUERCA STORZ 1 "" HI 3/4"" hpp = 11 B S P";6821;0
TS-H0203;"TUERCA STORZ 1 1/2"" HI 1 1/2"" hpp = 11 B S P";10397;0
TS-H0204;"TUERCA STORZ 1 1/2"" HI 1"" hpp = 11 B S P";11753;0
TS-H0205;"TUERCA STORZ 1 1/2"" HI 1 1/4"" hpp = 11 B S P";12193;0
TS-H0206;"TUERCA STORZ 1 1/2"" HI 2"" hpp = 11 B S P";12688;0
TS-H0207;"TUERCA STORZ 1 1/2"" HI 2 1/2"" hpp = 11 B S P";14911;0
TS-H0208;"TUERCA STORZ 1 1/2"" HI 3"" hpp = 11 B S P";25304;0
TS-H0209;"TUERCA STORZ 2"" HI 2"" hpp = 11 B S P";10463;0
TS-H0210;"TUERCA STORZ 2"" HI 1"" hpp = 11 B S P";10773;0
TS-H0211;"TUERCA STORZ 2"" HI 1 1/4"" hpp = 11 B S P";10858;0
TS-H0212;"TUERCA STORZ 2"" HI 1 1/2"" hpp = 11 B S P";10858;0
TS-H0213;"TUERCA STORZ 2 1/2"" HI 2 1/2"" hpp = 11 B S P";20056;0
TS-H0214;"TUERCA STORZ2 1/2"" HI 1"" hpp = 11 B S P";21164;0
TS-H0215;"TUERCA STORZ2 1/2"" HI 1 1/4"" hpp = 11 B S P";21164;0
TS-H0216;"TUERCA STORZ 2 1/2"" HI 1 1/2 hpp = 11 B S P";26185;0
TS-H0217;"TUERCA STORZ 3"" HI 3"" hpp =11 B S P";21756;0
TS-H0218;"TUERCA STORZ 3"" HI 1 1/2"" hpp =11 B S P";27707;0
TS-H0219;"TUERCA STORZ 3"" HI 2"" hpp =11 B S P";27938;0
TS-H0220;"TUERCA STORZ 4"" HI 4"" hpp =11 B S P";55307;0
TS-H0221;"TUERCA STORZ 4"" HI 3"" hpp =11 B S P";55070;0
TS-H0222;"TUERCA STORZ 5"" HI 5"" hpp =11 B S P";67543;0
TS-N0300;"TUERCA STORZ  1"" HI-HE 1"" hpp = 8 [N H - N S T ]";8939;0
TS-N0301;"TUERCA STORZ 1"" HI-HE 1/2"" hpp = 8 [N H - N S T ]";7817;0
TS-N0302;"TUERCA STORZ 1"" HI-HE 3/4"" hpp = 8 [N H - N S T ]";7578;0
TS-N0303;"TUERCA STORZ 1"" HI-HE 1 1/4"" hpp = 9 [N H - N S T ]";8939;0
TS-N0304;"TUERCA STORZ 1"" HI-HE 1 1/2"" hpp = 9 [N H - N S T ]";8939;0
TS-N0305;"TUERCA STORZ 1 1/2"" HI-HE 1 1/2"" hpp = 9 [N H - N S T ]";11296;0
TS-N0306;"TUERCA STORZ 1 1/2"" HI-HE 1"" hpp = 8 [N H - N S T ]";13059;0
TS-N0307;"TUERCA STORZ 1 1/2"" HI-HE 1 1/4"" hpp = 9 [N H - N S T ]";13548;0
TS-N0308;"TUERCA STORZ 1 1/2"" HI-HE 2"" hpp = 8 [N H - N S T ]";14098;0
TS-N0309;"TUERCA STORZ 1 1/2"" HI-HE 2 1/2"" hpp = 7 1/2 [N H - N S T ]";16567;0
TS-N0310;"TUERCA STORZ  1 1/2"" HI-HE 3"" hpp = 6 [N H - N S T ]";28116;0
TS-N0311;"TUERCA STORZ  2"" HI-HE 2"" hpp = 8 [N H - N S T ]";11625;0
TS-N0312;"TUERCA STORZ 2"" HI-HE 1"" hpp = 8 [N H - N S T ]";11970;0
TS-N0313;"TUERCA STORZ  2"" HI-HE 1 1/4"" hpp = 9 [N H - N S T ]";12064;0
TS-N0314;"TUERCA STORZ  2"" HI-HE 1 1/2"" hpp = 9 [N H - N S T ]";12064;0
TS-N0315;"TUERCA STORZ  2"" HI-HE 2 1/2"" hpp = 7 1/2 [N H - N S T ]";24992;0
TS-N0316;"TUERCA STORZ  2"" HI-HE 3"" hpp = 6 [N H - N S T ]";27264;0
TS-N0317;"TUERCA STORZ  2"" HI-HE 5"" hpp = 4 [N H - N S T ]";45428;0
TS-N0318;"TUERCA STORZ 2 1/2"" HI-HE 2 1/2"" hpp = 7 1/2"" [N H - N S T ]";22285;0
TS-N0319;"TUERCA STORZ  2 1/2"" HI-HE 1"" hpp = 8 [N H - N S T ]";23515;0
TS-N0320;"TUERCA STORZ 2 1/2"" HI-HE 1 1/4"" hpp = 9 [N H - N S T ]";23515;0
TS-N0321;"TUERCA STORZ  2 1/2"" HI-HE 1 1/2"" hpp = 9 [N H - N S T ]";29094;0
TS-N0322;"TUERCA STORZ  2 1/2"" HI-HE 2"" hpp = 8 [N H - N S T ]";29094;0
TS-N0323;"TUERCA STORZ 2 1/2"" HI-HE 3"" hpp = 6 [N H - N S T ]";30672;0
TS-N0324;"TUERCA STORZ 3"" HI-HE 3"" hpp = 6 [N H - N S T ]";24173;0
TS-N0325;"TUERCA STORZ 3"" HI-HE 1 1/2"" hpp = 9 [N H - N S T ]";30786;0
TS-N0326;"TUERCA STORZ  3"" HI-HE 2"" hpp = 8 [N H - N S T ]";31042;0
TS-N0327;"TUERCA STORZ  3"" HI-HE 2 1/2"" hpp = 7 1/2 [N H - N S T ]";36352;0
TS-N0328;"TUERCA STORZ 4"" HI-HE 4"" hpp = 4 [N H - N S T ]";61453;0
TS-N0329;"TUERCA STORZ  4"" HI-HE 1 1/2"" hpp = 9 [N H - N S T ]";61453;0
TS-N0330;"TUERCA STORZ  4"" HI-HE 2"" hpp = 8 [N H - N S T ]";61453;0
TS-N0331;"TUERCA STORZ 4"" HI-HE 2 1/2"" hpp = 7 1/2 [N H - N S T ]";61453;0
TS-N0332;"TUERCA STORZ 4"" HI-HE 3"" hpp = 6 [N H - N S T ]";61188;0
TS-N0333;"TUERCA STORZ 5"" HI-HE 5"" hpp = 6 [N H - N S T ]";75048;0
TG-00100;"TUERCA GRIFO C/AMARILLO 1.1/2"" hi-he";21584;0
TG-00101;"TUERCA GRIFO C/AMARILLO  2"" hi-he";18941;0
TG-00102;"TUERCA GRIFO C/AMARILLO 2.1/2"" hi-he";24992;0
TG-00103;"TUERCA GRIFO C/AMARILLO  3"" hi-he";35343;0
TG-00104;"TUERCA GRIFO C/AMARILLO 4"" hi-he";67876;0
TP-S0010;"TAPA STORZ  1"" 25 mm";8690;0
TP-S0011;"TAPA STORZ 1.1/2"" 38 mm";11107;0
TP-S0012;"TAPA STORZ 2"" 50 mm";10026;0
TP-S0013;"TAPA STORZ 2.1/2"" 65 mm";15847;0
TP-S0014;"TAPA STORZ 3"" 75 mm";13371;0
TP-S0015;"TAPA STORZ  4"" 110 mm";27832;0
TS-S0100;"TRASPASO STORZ 1""X 11/2""";24510;0
TS-S0101;"TRASPASO STORZ 1""X 2""";25625;0
TS-S0102;"TRASPASO STORZ 1.1/2"" x 2""";25625;0
TS-S0103;"TRASPASO STORZ 1.1/2"" x 2.1/2""";27852;0
TS-S0104;"TRASPASO STORZ 1.1/2"" x 3""";28968;0
TS-S0105;"TRASPASO STORZ  2""X 21/2""";31195;0
TS-S0106;"TRASPASO STORZ 2""X 3""";33423;0
TS-S0107;"TRASPASO STORZ 2"" X 4""";87475;0
TS-S0108;"TRASPASO STORZ 2.1/2"" x 3""";35651;0
TS-S0109;"TRASPASO STORZ 2.1/2"" x 4""";75787;0
TS-S0110;"TRASPASO STORZ  3"" X  4"" ";74903;0
TS-S0111;"TRASPASO STORZ  4"" X 5""";107295;0
SG-00100;"SELLOS DE GOMA STORZ 1""";661;0
SG-00101;"SELLOS DE GOMA STORZ 1.1/2""";910;0
SG-00102;"SELLOS DE GOMA STORZ 2""";992;0
SG-00103;"SELLOS DE GOMA STORZ 2.1/2""";1074;0
SG-00104;"SELLOS DE GOMA STORZ 3""";1322;0
SG-00105;"SELLOS DE GOMA STORZ 4""";1819;0
EG-S0100;"EMPAQUETADURA DE  GOMA STORZ 1""";578;0
EG-S0101;"EMPAQUETADURA DE  GOMA STORZ 1.1/2""";743;0
EG-S0102;"EMPAQUETADURA DE  GOMA STORZ 2""";827;0
EG-S0103;"EMPAQUETADURA DE  GOMA STORZ 2 1/2""";992;0
EG-S0104;"EMPAQUETADURA DE  GOMA STORZ 3""";1239;0
EG-S0105;"EMPAQUETADURA DE  GOMA STORZ 4""";1488;0
SU-S0200;"SEGUROS PARA UNIONES STORZ 1"" ";546;0
SU-S0201;"SEGUROS PARA UNIONES STORZ 1.1/2""";636;0
SU-S0202;"SEGUROS PARA UNIONES STORZ 2""";727;0
SU-S0203;"SEGUROS PARA UNIONES STORZ 2.1/2""";910;0
SU-S0204;"SEGUROS PARA UNIONES STORZ 3""";1181;0
SU-S0205;"SEGUROS PARA UNIONES STORZ 4""";1546;0
GR-O3000;"GEMELOS CORTE RAPIDO 1 1/2"" 1 1/2"" x 1 1/2""";122798;0
GR-O3001;"GEMELO CORTE RAPIDO COMPLETO  1 1/2"" 1 1/2"" x 1 1/2""";156495;0
GR-O3002;"GEMELO CORTE RAPIDO COMPLETO  2"" x 2"" x 2""";157251;0
GR-O3003;"GEMELO CORTE RAPIDO COMPLETO  2 1/2"" x 2 1/2"" x 2 1/2""";183481;0
GR-O3004;"GEMELO CORTE RAPIDO COMPLETO 3"" x 2"" x 2""";161613;0
GR-O3005;"GEMELO CORTE RAPIDO COMPLETO  3"" x3"" x 3""";188293;0
GR-04000;"GEMELO CORTE TORNILLO SOLO 1 1/2 x 1 1/2"" x 1 1/2""";147998;0
GR-04001;"GEMELO CORTE TORNILLO COMPLETO  1 1/2 x 1 1/2"" x 1 1/2""";169462;0
GR-04002;"GEMELO CORTE TORNILLO COMPLETO 2"" x 2"" x 2""";171241;0
GR-04003;"GEMELO CORTE TORNILLO COMPLETO 3"" x 2"" x 2""";183743;0
GR-04004;"GEMELO CORTE TORNILLO COMPLETO 3"" x 3"" x 3""";206828;0
TT-05000;"TRIFURCA CORTE TORNILLO SOLA 3"" x 1 1/2"" x 2"" x 1 1/2""";226488;0
TT-05001;"TRIFURCA CORTE TORNILLO COMPLETA de 3"" x 1 1/2"" x 2"" x 1 1/2""";339525;0
TT-05002;"TRIFURCA CORTE TORNILLO COMPLETA 3"" x 2"" x 3"" x 2""";317484;0
TT-05003;"TRIFURCA CORTE TORNILLO COMPLETA 3"" x 2"" x 2"" x 2""";310561;0
TT-05004;"TRIFURCA CORTE TORNILLO COMPLETA 3"" x 2 1/2"" x 3"" x 2 1/2""";358915;0
TT-05005;"TRIFURCA CORTE TORNILLO COMPLETA 2 1/2"" x 1 1/2"" x 2 1/2"" x 1 1/2""";311695;0
TT-05006;"TRIFURCA CORTE TORNILLO COMPLETA 2 1/2"" x 2"" x 2 1/2"" x 2""";282730;0
TT-05007;"TRIFURCA CORTE TORNILLO COMPLETA 2 1/2"" x 2"" x 2"" x 2""";291543;0
TT-05008;"TRIFURCA CORTE TORNILLO COMPLETA 2 1/2"" x 1 1/2"" x 2"" x 1 1/2""";322148;0
TT-06000;"TRIFURCA CORTE RAPIDO SOLA 3"" x 1 1/2"" x 2"" x 1 1/2""";212833;0
TT-06001;"TRIFURCA CORTE RAPIDO  COMPLETA 3"" x 1 1/2"" x 2"" x 1 1/2""";325871;0
TT-06002;"TRIFURCA CORTE RAPIDO  COMPLETA 3"" x 2"" x 3"" x 2""";303829;0
TT-06003;"TRIFURCA CORTE RAPIDO  COMPLETA 3"" x 2"" x 2"" x 2""";296905;0
TT-06004;"TRIFURCA CORTE RAPIDO  COMPLETA 3"" x 2 1/2"" x 3"" x 2 1/2""";345260;0
TT-06005;"TRIFURCA CORTE RAPIDO  COMPLETA  2 1/2"" x 1 1/2"" x 2 1/2"" x 1 1/2""";298040;0
TT-06006;"TRIFURCA CORTE RAPIDO  COMPLETA  2 1/2"" x 2"" x 2 1/2"" x 2""";269075;0
TT-06007;"TRIFURCA CORTE RAPIDO  COMPLETA  2 1/2"" x 2"" x 2"" x 2""";277888;0
TT-06008;"TRIFURCA CORTE RAPIDO  COMPLETA  2 1/2"" x 1 1/2"" x 2"" x 1 1/2""";308492;0
AB-00100;BICHERO IMPORTADO DE USA, MANGO NUPLA TABLEADO. LARGO 1.80 Mt;132912;0
AB-00101;BOTAS MODELO MINERO, CERTIFICACION CESMEC;44304;0
AB-00102;CASCO BULLARD DOBLE CONCHA CON ACCESORIOS ;78952;0
AB-00103;CHAQUETA BOMBERO IMPORTADA DE USA.;84064;0
AB-00104;PANTALON BOMBERO IMPORTADO DE USA.;63616;0
